{
	"info": {
		"_postman_id": "9ed04c62-de33-4276-a90b-bce44dc87b96",
		"name": "APITest",
		"description": "# About this collection\n\nThis collection helps you set up contract tests to ensure that two separate systems are compatible and can communicate with one another.\n\n## **Using the collection**\n\n**Step 1:** Send the sample requests and view the response and test results.\n\n**Step 2:** Replace the sample request URLs with your desired API endpoints.\n\n**Step 3:** Customize the tests in the \"Tests\" tab if needed. Don't forget to save your changes.\n\n### Resources\n\n[Scripting in Postman](https://learning.postman.com/docs/writing-scripts/intro-to-scripts/)\n\n[Test script examples](https://learning.postman.com/docs/writing-scripts/script-references/test-examples/)\n\n[Postman Sandbox API reference](https://learning.postman.com/docs/sending-requests/grpc/postman-sandbox-api/#writing-assertions)\n\n[Using the Collection Runner](https://learning.postman.com/docs/collections/running-collections/intro-to-collection-runs/)\n\n[  \n](https://postman.postman.co/documentation/24552533-5bead607-0197-4e1d-87d4-3160bc7631c1?entity=&branch=&version=)",
		"schema": "https://schema.getpostman.com/json/collection/v2.1.0/collection.json",
		"_exporter_id": "19946083"
	},
	"item": [
		{
			"name": "ValidSucessScenario",
			"event": [
				{
					"listen": "test",
					"script": {
						"exec": [
							"// Validate that the response code should be 200",
							"pm.test(\"Status code is 200\", function () {",
							"    pm.response.to.have.status(200);",
							"});",
							"",
							"// Validate that the response has OK",
							"pm.test(\"Verify whether the Status has string- OK\", function () {",
							"    pm.response.to.have.status('OK');",
							"});",
							"",
							"// Validate that the response is json object",
							"pm.test(\"Response is a json object\", function () {",
							"    pm.expect(pm.response.json()).to.be.an('object');",
							"});"
						],
						"type": "text/javascript",
						"packages": {}
					}
				}
			],
			"request": {
				"method": "GET",
				"header": [],
				"url": {
					"raw": "https://api.spacexdata.com/v4/launches/latest",
					"protocol": "https",
					"host": [
						"api",
						"spacexdata",
						"com"
					],
					"path": [
						"v4",
						"launches",
						"latest"
					]
				},
				"description": "The tests in this request validate that:\n\n- the response code is 200\n- the response is a JSON object\n- the response has an 'arg' object\n- the response has 'headers' object\n- the response has a 'URL' property"
			},
			"response": []
		},
		{
			"name": "ValidResponseDataScenario",
			"event": [
				{
					"listen": "test",
					"script": {
						"exec": [
							"// Validate that the response code should be 200",
							"pm.test(\"Status code is 200\", function () {",
							"    pm.response.to.have.status(200);",
							"});",
							"",
							"// Validate that the response has OK",
							"pm.test(\"Verify whether the Status has string- OK\", function () {",
							"    pm.response.to.have.status('OK');",
							"});",
							"",
							"// Validate that the response is json object",
							"pm.test(\"Response is a json object\", function () {",
							"    pm.expect(pm.response.json()).to.be.an('object');",
							"});",
							"",
							"// Validate that the response format of few fields",
							"var jsonData= pm.response.json()",
							"pm.test(\"Response has correct data type in data fields\", function () {",
							"",
							"var name = jsonData.name;",
							"var date_utc = jsonData.date_utc;",
							"var success = jsonData.success;",
							"",
							"  pm.expect(typeof name).to.eql('string');",
							"  pm.expect(name).to.be.not.eql('');",
							"  pm.expect(new Date(date_utc).toISOString()).to.eql(date_utc);",
							"  pm.expect(typeof success).to.eql('boolean');",
							"});",
							""
						],
						"type": "text/javascript",
						"packages": {}
					}
				}
			],
			"request": {
				"method": "GET",
				"header": [],
				"url": {
					"raw": "https://api.spacexdata.com/v4/launches/latest",
					"protocol": "https",
					"host": [
						"api",
						"spacexdata",
						"com"
					],
					"path": [
						"v4",
						"launches",
						"latest"
					]
				},
				"description": "The tests in this request validate that:\n\n- the response code is 200\n- the response is a JSON object\n- the response has an 'arg' object\n- the response has 'headers' object\n- the response has a 'URL' property"
			},
			"response": []
		},
		{
			"name": "InvalidResponseScenario",
			"event": [
				{
					"listen": "test",
					"script": {
						"exec": [
							"// Validate that the response code should be 404",
							"pm.test(\"Status code is 404\", function () {",
							"    pm.response.to.have.status(404);",
							"});",
							"",
							"// Validate that the response is not OK",
							"pm.test(\"Verify whether the Status has string- Not Found\", function () {",
							"    pm.response.to.have.status('Not Found');",
							"});",
							"",
							""
						],
						"type": "text/javascript",
						"packages": {}
					}
				}
			],
			"request": {
				"method": "GET",
				"header": [],
				"url": {
					"raw": "https://api.spacexdata.com/v4/launche/latest",
					"protocol": "https",
					"host": [
						"api",
						"spacexdata",
						"com"
					],
					"path": [
						"v4",
						"launche",
						"latest"
					]
				},
				"description": "The tests in this request validate that:\n\n- the response code is 200\n- the response is a JSON object\n- the response has an 'arg' object\n- the response has 'headers' object\n- the response has a 'URL' property"
			},
			"response": []
		}
	],
	"variable": [
		{
			"key": "baseUrl",
			"value": "https://postman-echo.com"
		}
	]
}